initial,strategy,seed,attempts,redPercent,bluePercent,greenPercent,yellowPercent,occupiedNeighborAgreement
empty,random,11,0,0.000,0.000,0.000,0.000,0.000000
empty,random,11,10000,25.030,24.860,25.160,24.950,0.269242
empty,random,11,20000,25.010,24.800,25.060,25.130,0.296667
empty,random,11,30000,24.920,24.840,25.040,25.200,0.291667
empty,random,11,40000,24.490,25.340,25.070,25.100,0.290152
empty,random,11,50000,24.930,25.280,25.090,24.700,0.287273
empty,frontier,11,0,0.000,0.000,0.000,0.000,0.000000
empty,frontier,11,10000,12.010,13.750,13.170,11.160,0.919729
empty,frontier,11,20000,15.370,18.720,16.730,14.900,0.884859
empty,frontier,11,30000,17.950,21.390,18.950,17.170,0.859480
empty,frontier,11,40000,19.370,22.990,20.370,18.590,0.840675
empty,frontier,11,50000,20.120,24.270,21.290,19.730,0.827593
full,random,11,0,25.170,25.160,24.880,24.790,0.250101
full,random,11,10000,25.010,25.070,24.720,25.200,0.288586
full,random,11,20000,25.340,24.770,25.130,24.760,0.292828
full,random,11,30000,25.090,24.740,25.010,25.160,0.289848
full,random,11,40000,24.690,24.480,25.130,25.700,0.287424
full,random,11,50000,24.970,24.900,25.020,25.110,0.293081
full,frontier,11,0,25.170,25.160,24.880,24.790,0.250101
full,frontier,11,10000,25.250,24.480,25.980,24.290,0.768939
full,frontier,11,20000,24.260,24.910,26.790,24.040,0.856768
full,frontier,11,30000,22.410,26.820,26.900,23.870,0.889899
full,frontier,11,40000,21.660,27.860,26.040,24.440,0.907576
full,frontier,11,50000,20.850,30.030,23.740,25.380,0.922475
empty,frontier,22,0,0.000,0.000,0.000,0.000,0.000000
empty,frontier,22,10000,11.450,9.830,11.720,14.300,0.916505
empty,frontier,22,20000,15.290,13.100,15.140,19.050,0.879989
empty,frontier,22,30000,18.060,15.090,17.730,22.020,0.851695
empty,frontier,22,40000,19.830,16.660,19.350,23.610,0.833145
empty,frontier,22,50000,21.160,17.830,20.720,25.090,0.817490
empty,random,22,0,0.000,0.000,0.000,0.000,0.000000
empty,random,22,10000,25.150,24.840,25.070,24.940,0.265909
empty,random,22,20000,25.140,24.970,25.310,24.580,0.288232
empty,random,22,30000,25.150,24.910,25.240,24.700,0.293081
empty,random,22,40000,24.580,25.260,25.270,24.890,0.291414
empty,random,22,50000,24.280,25.240,25.430,25.050,0.294949
full,frontier,22,0,25.260,25.450,25.240,24.050,0.246768
full,frontier,22,10000,23.890,26.330,24.680,25.100,0.774596
full,frontier,22,20000,24.820,26.160,24.260,24.760,0.860000
full,frontier,22,30000,26.360,25.460,25.320,22.860,0.896970
full,frontier,22,40000,25.160,24.950,27.260,22.630,0.915505
full,frontier,22,50000,22.040,26.800,28.160,23.000,0.931414
full,random,22,0,25.260,25.450,25.240,24.050,0.246768
full,random,22,10000,25.280,25.060,25.440,24.220,0.289444
full,random,22,20000,24.690,25.360,25.260,24.690,0.296010
full,random,22,30000,24.740,25.440,24.820,25.000,0.292222
full,random,22,40000,24.520,25.340,25.370,24.770,0.296667
full,random,22,50000,24.530,25.500,25.060,24.910,0.288535
empty,random,33,0,0.000,0.000,0.000,0.000,0.000000
empty,random,33,10000,24.970,25.030,25.090,24.910,0.272626
empty,random,33,20000,25.130,25.130,25.480,24.260,0.292071
empty,random,33,30000,25.210,25.070,25.180,24.540,0.290960
empty,random,33,40000,25.530,25.280,24.260,24.930,0.290707
empty,random,33,50000,25.270,24.790,24.470,25.470,0.295051
empty,frontier,33,0,0.000,0.000,0.000,0.000,0.000000
empty,frontier,33,10000,11.970,12.300,12.920,11.430,0.918041
empty,frontier,33,20000,15.090,17.110,17.030,14.890,0.881841
empty,frontier,33,30000,17.140,20.310,19.000,17.350,0.852207
empty,frontier,33,40000,18.980,22.250,20.210,19.270,0.831500
empty,frontier,33,50000,19.860,23.600,21.340,20.340,0.819913
full,random,33,0,24.410,25.340,25.190,25.060,0.246717
full,random,33,10000,24.650,24.630,25.250,25.470,0.291465
full,random,33,20000,24.910,25.050,25.220,24.820,0.283788
full,random,33,30000,25.100,24.750,24.780,25.370,0.287424
full,random,33,40000,25.500,24.590,25.220,24.690,0.289141
full,random,33,50000,25.110,24.680,25.110,25.100,0.291162
full,frontier,33,0,24.410,25.340,25.190,25.060,0.246717
full,frontier,33,10000,24.350,25.670,24.030,25.950,0.785152
full,frontier,33,20000,24.120,25.560,22.580,27.740,0.871364
full,frontier,33,30000,21.870,27.090,22.160,28.880,0.897929
full,frontier,33,40000,21.020,27.350,21.790,29.840,0.915707
full,frontier,33,50000,21.170,27.440,21.770,29.620,0.923535
