mode,initial,strategy,seed,size,seconds,attempts,actionsPerSecond,attemptsPerSecond,modificationsPerSecond,conversionsPerSecond,changesPerSecond,actionMeanUs,maintenanceMeanUs,frontierCells,frontierStorageBytes,heapUsedBytes,threadCpuPercent,occupiedNeighborAgreement,redPercent,bluePercent,greenPercent,yellowPercent
performance,empty,random,11,100,1.000040,4008520,400835.97,4008359.67,3007488.70,168857.25,3176345.95,2.462,0.177,19668,291168,6471744,96.87,0.299343,24.560,24.580,25.510,25.350
gameplay,empty,random,11,100,0.021657,50000,230873.30,2308733.01,1853266.16,81544.45,1934810.61,2.838,0.176,19964,291168,13811776,72.15,0.287273,24.930,25.280,25.090,24.700
performance,empty,frontier,11,100,1.000019,1737680,173764.79,1737647.85,1693909.66,135394.50,1829304.16,5.725,0.099,412,209248,9162576,98.44,0.987525,23.410,23.600,26.940,26.050
gameplay,empty,frontier,11,100,0.031301,50000,159738.80,1597387.95,271364.27,2811.40,274175.67,5.392,0.151,7124,192864,10527792,99.84,0.827593,20.120,24.270,21.290,19.730
performance,full,random,11,100,1.000007,3959000,395897.15,3958971.50,2968270.63,166432.80,3134703.43,2.499,0.176,19839,291168,7561552,96.87,0.288889,24.890,25.270,24.770,25.070
gameplay,full,random,11,100,0.017334,50000,288448.78,2884487.80,2155635.42,126398.26,2282033.68,2.572,0.184,19706,291168,14901584,90.14,0.293081,24.970,24.900,25.020,25.110
performance,full,frontier,11,100,1.000016,1790160,179013.17,1790131.72,1745740.42,139726.79,1885467.21,5.558,0.096,428,291168,6981464,96.87,0.986970,26.760,22.520,26.450,24.270
gameplay,full,frontier,11,100,0.037332,50000,133933.00,1339329.96,1305337.77,99940.80,1405278.57,6.561,0.142,2548,291168,10582176,83.71,0.922475,20.850,30.030,23.740,25.380
performance,empty,frontier,22,100,1.000014,1767560,176753.47,1767534.72,1645033.48,129773.14,1774806.62,5.630,0.101,418,201056,8377784,96.87,0.987121,24.230,26.640,23.230,25.900
gameplay,empty,frontier,22,100,0.027472,50000,182004.82,1820048.19,306714.52,3603.70,310318.22,4.807,0.132,7418,192864,9743440,56.88,0.817490,21.160,17.830,20.720,25.090
performance,empty,random,22,100,1.000006,3970560,397053.82,3970538.16,2976799.63,167682.08,3144481.71,2.491,0.176,19851,291168,17197056,100.00,0.285859,24.790,25.260,25.190,24.760
gameplay,empty,random,22,100,0.016852,50000,296698.93,2966989.28,2375252.94,108947.85,2484200.78,2.527,0.172,19711,291168,13006848,92.72,0.294949,24.280,25.240,25.430,25.050
performance,full,frontier,22,100,1.000000,1774040,177403.96,1774039.65,1729494.65,137236.97,1866731.63,5.609,0.100,380,291168,9285136,95.31,0.988081,25.060,44.690,4.600,25.650
gameplay,full,frontier,22,100,0.037834,50000,132154.86,1321548.64,1287531.98,102129.28,1389661.26,6.691,0.148,2239,291168,12885432,82.60,0.931414,22.040,26.800,28.160,23.000
performance,full,random,22,100,1.000001,3965040,396503.68,3965036.83,2972868.62,167105.87,3139974.49,2.495,0.176,19783,291168,15016416,96.87,0.294444,25.300,24.960,24.620,25.120
gameplay,full,random,22,100,0.017058,50000,293115.88,2931158.80,2198896.71,125746.71,2324643.42,2.579,0.179,19928,291168,12322824,183.20,0.288535,24.530,25.500,25.060,24.910
performance,empty,random,33,100,1.000005,3961720,396170.18,3961701.78,2971258.33,166713.23,3137971.57,2.497,0.176,19642,291168,12303672,98.44,0.292172,25.240,24.410,25.390,24.960
gameplay,empty,random,33,100,0.018235,50000,274194.96,2741949.64,2193833.90,102713.43,2296547.34,2.703,0.174,19690,291168,9573712,171.37,0.295051,25.270,24.790,24.470,25.470
performance,empty,frontier,33,100,1.000002,1747680,174767.70,1747677.03,1704083.10,136451.77,1840534.87,5.693,0.099,417,201056,13706528,98.44,0.987374,23.950,26.380,24.730,24.940
gameplay,empty,frontier,33,100,0.027509,50000,181760.02,1817600.19,307501.60,3489.79,310991.39,4.841,0.135,7323,192864,16119960,56.80,0.819913,19.860,23.600,21.340,20.340
performance,full,random,33,100,1.000003,3940840,394082.78,3940827.78,2955313.84,167098.48,3122412.32,2.510,0.177,19663,291168,16555416,96.87,0.295960,24.500,24.960,25.720,24.820
gameplay,full,random,33,100,0.017521,50000,285370.21,2853702.11,2145527.39,123565.30,2269092.69,2.679,0.189,19791,291168,12558536,89.18,0.291162,25.110,24.680,25.110,25.100
performance,full,frontier,33,100,1.000013,1779120,177909.63,1779096.34,1734342.93,137370.17,1871713.11,5.593,0.100,423,291168,8644560,98.44,0.987020,5.950,30.800,30.610,32.640
gameplay,full,frontier,33,100,0.037866,50000,132043.88,1320438.81,1287771.15,102334.01,1390105.16,6.731,0.147,2509,291168,11199608,123.79,0.923535,21.170,27.440,21.770,29.620
